asin,name,brand,price_usd,weight,rating,review_count,stock,url,scraped_at
B0CN1QJ2N9,Cafe Bustelo Instant Coffee 2pk 7.05oz,J.M. Smuckers,273.13,N/A,4.8,208,In Stock,https://www.amazon.com/Cafe-Bustelo-Instant-Coffee-7-05oz/dp/B0CN1QJ2N9/ref=sr_1_7,2026-07-20 23:28:17
B0D1VN9691,"Blackout Coffee Colombian Arabica Instant Coffee – Medium Roast, Strong Aromatic, Single Serve Packets – Premium Quality 32 Count.",Blackout Coffee Co.,324.40,N/A,4.5,283,In Stock,https://www.amazon.com/Blackout-Coffee-Colombian-Arabica-Aromatic/dp/B0D1VN9691/ref=sr_1_8,2026-07-20 23:30:36
B000ESJR20,Mount Hagen 3.53oz Organic Freeze Dried Instant Coffee - 6 pack | Eco-friendly Coffee Made From Organic Medium Roast Arabica Beans | Fair-Trade Coffee Instant [6 x 3.53oz Jar],Mount Hagen,1203.14,N/A,4.7,3906,In Stock,https://www.amazon.com/Mount-Hagen-Organic-Instant-3-53-Ounce/dp/B000ESJR20/ref=sr_1_9,2026-07-20 23:29:20
B0B53Y7Z7D,"Everyday Dose Premium Adaptogenic Mushroom Coffee with Grass-Fed Collagen, Chaga, Lions Mane & L-Theanine for Better Focus, Energy, Digestion, Skin, and Immunity 30 Servings",Everyday Dose,527.31,N/A,4.5,9609,In Stock,https://www.amazon.com/Everyday-Dose-Grass-Fed-L-Theanine-Suntheanine/dp/B0B53Y7Z7D/ref=sr_1_10,2026-07-20 23:30:21
B07J1ZN2GD,"Taster's Choice Original Gourmet Instant Coffee 14 Oz, Pack of 2",Taster's Choice,824.18,N/A,4.8,1488,In Stock,https://www.amazon.com/Tasters-Choice-Original-Gourmet-Instant/dp/B07J1ZN2GD/ref=sr_1_14,2026-07-20 23:32:19
B003SD83GE,"Hills Bros. Cappuccino Mix – Rich, Frothy Coffeehouse-Tasting Instant Drink Mix – Quick and Easy Preparation – Perfect for Hot & Iced Drinks & Creaming Coffee – English Toffee, 1 Pack of 16oz",Hills Bros,69.56,N/A,4.5,9181,In Stock,https://www.amazon.com/Hills-Bros-Cappuccino-English-Toffee/dp/B003SD83GE/ref=sr_1_15,2026-07-20 23:38:10
B07J1TMT65,"Taster's Choice Original Gourmet Instant Coffee 14 Oz, Pack of 3",Taster's Choice,214.12,N/A,4.7,541,In Stock,https://www.amazon.com/Tasters-Choice-Original-Gourmet-Instant/dp/B07J1TMT65/ref=sr_1_16,2026-07-20 23:33:40
B07QD118ZG,Tim Hortons Premium Instant Coffee (Medium),Tim Hortons,230.44,N/A,4.4,3220,In Stock,https://www.amazon.com/Tim-Hortons-Premium-Instant-Coffee/dp/B07QD118ZG/ref=sr_1_21,2026-07-20 23:34:44
B0014CVFAC,"Folgers Classic Decaf Instant Coffee, 8 Oz. Jar",Folgers,214.12,N/A,4.7,3291,In Stock,https://www.amazon.com/Folgers-Classic-Instant-Decaffeinated-Coffee/dp/B0014CVFAC/ref=sr_1_22,2026-07-20 23:35:30
B003SDA2UY,"Hills Bros. Cappuccino Mix – Rich, Frothy Coffeehouse-Tasting Instant Drink Mix – Quick and Easy Preparation – Perfect for Hot & Iced Drinks & Creaming Coffee – Double Mocha, 1 Pack of 16oz",Hills Bros,98.74,N/A,4.6,1190,Out of Stock,https://www.amazon.com/Hills-Bros-Instant-Cappuccino-Double/dp/B003SDA2UY/ref=sr_1_23,2026-07-20 23:36:35
B000SHMQW0,"illy Intenso Ground Espresso Coffee, Bold Roast, Intense, Robust and Full Flavored With Notes of Deep Cocoa, 100% Arabica Coffee, No Preservatives, 8.8 Ounce Can (Pack of 1)",N/A,210.00,N/A,4.6,6593,In Stock,https://www.amazon.com/Illy-Intenso-Espresso-Flavored-Preservatives/dp/B000SHMQW0/ref=sr_1_24,2026-07-20 23:37:32
B0041QGC0Q,"Douwe Egberts Pure Gold Instant Coffee, Medium Roast, 6.7-Ounce, 190g (Packaging May Vary)",Douwe Egberts,411.93,N/A,4.5,749,In Stock,https://www.amazon.com/Douwe-Egberts-Instant-7-05-Ounce-Packaging/dp/B0041QGC0Q/ref=sr_1_27,2026-07-20 23:38:37
B0BV61RJJW,Nescafe Dark Roast Instant Coffee | Clasico | 10.5 oz Jar | Pack of 2,Nescafe,169.87,N/A,4.6,9607,In Stock,https://www.amazon.com/NESCAFE-CLASICO-Roast-Instant-Coffee/dp/B0BV61RJJW/ref=sr_1_28,2026-07-20 23:39:27
B0CPQ68SPN,Cartograph Organic Instant Coffee Packets Single Serve 10PK - Medium Roast Instant Espresso - Freeze Dried Coffee Instant Powder - Individual Coffee Packets - Gourmet Instant Coffee Sticks,CARTOGRAPH COFFEE,131.70,N/A,4.2,320,In Stock,https://www.amazon.com/Cartograph-Organic-Instant-Coffee-Packets/dp/B0CPQ68SPN/ref=sr_1_29,2026-07-20 23:39:18
B00UT44DZK,"Maxwell House Instant Cafe-Style Beverage Mix, Easy to Prepare, 1 Canister, for Quick Morning Coffee or Afternoon Treat, Cafe Vienna, Kosher Dairy, 9 oz",MAXWELL HOUSE,73.52,N/A,4.7,1839,In Stock,https://www.amazon.com/Maxwell-Cafe-Style-Beverage-Canister-Afternoon/dp/B00UT44DZK/ref=sr_1_30,2026-07-20 23:45:25
B00UT43YN2,"Maxwell House Instant Cafe-Style Beverage Mix, Easy to Prepare, 1 Canister, for Quick Morning Coffee or Afternoon Treat, Cafe Francais, Kosher Dairy, 7.6 oz (Packaging May Vary)",MAXWELL HOUSE,78.96,N/A,4.6,3555,In Stock,https://www.amazon.com/Cafe-Style-Beverage-Canister-Afternoon-Packaging/dp/B00UT43YN2/ref=sr_1_31,2026-07-20 23:40:31
B0188IQO5A,"NESCAFÉ Taster's Choice, Instant Coffee Packets, Light Medium Roast Coffee, House Blend, 8 Boxes (144 Packets)",Taster's Choice,N/A,N/A,4.6,213,In Stock,https://www.amazon.com/NESCAF%C3%89-Tasters-Choice-Instant-Packets/dp/B0188IQO5A/ref=sr_1_32,2026-07-20 23:41:25
B003YBH1WM,"Vinacafe Vietnamese Instant Coffee 100 Sticks 3 in 1 Milk Coffee Blend, Smooth Medium Roast Instant Mix for Fast Brewing at Office or Travel",Vinacafe,634.45,N/A,4.6,457,In Stock,https://www.amazon.com/Vinacafe-Premium-Coffee-24-Count-Packages/dp/B003YBH1WM/ref=sr_1_33,2026-07-20 23:42:31
B0DJSKQRPM,"Mushroom Coffee, Instant Mushroom Coffee with Cordyceps, Reishi, King Trumpet, Shiitake, Turkey Tail, Lions Mane for Energy, Focus, Positive Mood & Immune Support (30 Servings)",YEGE,295.88,N/A,4.3,2237,In Stock,https://www.amazon.com/Mushroom-Instant-Cordyceps-Positive-Servings/dp/B0DJSKQRPM/ref=sr_1_34,2026-07-20 23:44:37
B01B50WLWS,Nescafe Gold Blend Coffee - 750g,Nescafe,1190.78,N/A,4.6,2445,In Stock,https://www.amazon.com/Nescafe-Gold-Blend-Coffee-750g/dp/B01B50WLWS/ref=sr_1_35,2026-07-20 23:45:33
B087N121HT,"Z Natural Foods Organic Instant Coffee Powder - Rich Dark Roast Flavor, Arabica Instant Espresso Powder with Antioxidants to Boost Energy, Mood & Focus - Gourmet Coffee in Resealable Bag, 8 oz",Z Natural Foods,329.51,N/A,4.3,305,In Stock,https://www.amazon.com/Organic-Instant-Coffee-Powder-Colombian/dp/B087N121HT/ref=sr_1_36,2026-07-20 23:48:01
B0D1GG7HQQ,"Nescafé Clásico Coffee, Medium Roast, Instant | Colombia | 6 oz Jar | Pack of 2",Nescafe,444.40,N/A,4.6,2352,In Stock,https://www.amazon.com/NESCAF%C3%89-CL%C3%81SICO-Colombia-Medium-Instant/dp/B0D1GG7HQQ/ref=sr_1_37,2026-07-20 23:46:18
B07N16TLQ5,"Waka Premium Instant Coffee, Colombian Medium Roast, 3.5 oz | 100% Single-Origin Arabica, Freeze-Dried Granules, Kosher, Makes up to 35 Hot or Iced Cups",Waka Coffee,197.64,N/A,4,281,In Stock,https://www.amazon.com/coffee-parent-Ounces-Medium-Roast/dp/B07N16TLQ5/ref=sr_1_38,2026-07-20 23:47:48
B0DHP915W6,"Bunkell Mushroom Coffee, Instant Coffee Blend with 6 Adaptogenic Mushrooms (Lion's Mane, Reishi, Cordyceps, Shiitake, King Trumpet & Turkey Tail) for Energy, Digestion & Immune Support, 30 Servings",Bunkell,324.40,N/A,4.2,3714,Out of Stock,https://www.amazon.com/Bunkell-Mushroom-Mushrooms-Cordyceps-Digestion/dp/B0DHP915W6/ref=sr_1_39,2026-07-20 23:56:08
B00J61BSMS,Kenco Rich Instant Coffee Eco Refill 150 g (Pack of 6),Kenco,251.87,N/A,4.8,1408,In Stock,https://www.amazon.com/Kenco-Rich-Instant-Coffee-Refill/dp/B00J61BSMS/ref=sr_1_40,2026-07-20 23:49:19
B01FDLA52I,"NESCAFÉ Taster's Choice Instant Coffee, Light Medium Roast Coffee, House Blend, 2 Jars (7 Oz Each) | Light-medium roast House Blend instant coffee; 2 jars, 7 oz each",Taster's Choice,N/A,N/A,4.7,12126,In Stock,https://www.amazon.com/Nescafe-Tasters-Choice-Instant-Coffee/dp/B01FDLA52I/ref=sr_1_41,2026-07-20 23:51:26
B0GPRFVMN7,"Javvy Protein Iced Coffee - Premium Whey Protein & Iced Coffees, 100% Natural Cold Brew, Zero Artificial Flavors & Sweeteners, 80mg Caffeine, No Added Sugar, 20 Servings, Caramel, 1 Pack",Javvy,648.30,N/A,4,4320,Out of Stock,https://www.amazon.com/Javvy-Protein-Iced-Coffee-Artificial/dp/B0GPRFVMN7/ref=sr_1_42,2026-07-20 23:53:29
B07VX6H4K8,"Folgers Instant Coffee Crystals, Classic Roast, 24 Ounces",Folgers,444.40,N/A,4.7,30241,Out of Stock,https://www.amazon.com/Folgers-Instant-Coffee-Crystals-Classic/dp/B07VX6H4K8/ref=sr_1_43,2026-07-20 23:55:36
B09XFLNVYC,Jacobs Kronung Instant Coffee 200 Gram / 7.05 Ounce (Pack of 6),Jacobs,338.41,N/A,4.7,48,In Stock,https://www.amazon.com/Jacobs-Kronung-Instant-Coffee-Ounce/dp/B09XFLNVYC/ref=sr_1_45,2026-07-20 23:57:57
B0CXZKVG1T,"NESCAFÉ Taster's Choice Instant Coffee, Medium Light Roast Coffee, Decaf House Blend, 2 Jars (7 Oz Each)",Taster's Choice,214.12,N/A,4.8,827,In Stock,https://www.amazon.com/NESCAF%C3%89-Tasters-Choice-Instant-Coffee/dp/B0CXZKVG1T/ref=sr_1_46,2026-07-21 07:55:31
B07JNJ8S23,"Waka Premium Instant Coffee, Colombian Medium Roast, Single-Serve, 8 ct | 100% Arabica, Freeze Dried Beans, For Hot or Iced Coffee",Waka Coffee,N/A,N/A,4.2,1089,In Stock,https://www.amazon.com/Waka-Premium-Instant-Coffee-Pouches/dp/B07JNJ8S23/ref=sr_1_47,2026-07-21 07:53:44
B08VZXTDQG,"Civilized Coffee Instant Cold Brew Coffee Powder, 5 oz | 100% Arabica Coffee, Approximately 50 Servings, Medium Dark Roast, Smooth Bold Flavor, Dissolves Instantly",CIVILIZED COFFEE,246.43,N/A,4.4,668,In Stock,https://www.amazon.com/Civilized-Coffee-Instant-Granules-Non-GMO/dp/B08VZXTDQG/ref=sr_1_49,2026-07-21 07:55:46
B0008JGWLO,Jacobs Kronung Instant Coffee 100 Gram / 3.52 Ounce (Pack of 4),Jacobs,288.13,N/A,4.3,28,In Stock,https://www.amazon.com/Jacobs-Kronung-Instant-Coffee-gram/dp/B0008JGWLO/ref=sr_1_50,2026-07-21 07:55:52
B002ZWJVRO,"Maxwell House Instant Cafe-Style Beverage Mix, Decaf and Sugar Free, Easy to Prepare, 1 Canister, for Quick Morning Coffee or Afternoon Treat, French Vanilla Cafe, Kosher Dairy, 4.3 oz",MAXWELL HOUSE,101.04,N/A,4.6,5885,In Stock,https://www.amazon.com/International-Sugar-Free-Caf%C3%A9-Style-Beverage-Canister/dp/B002ZWJVRO/ref=sr_1_51,2026-07-21 07:56:11
B0085000BG,"Douwe Egberts Pure Indulgence Instant Coffee in Jar, Dark Roast, 6.7-Ounce, 190 gram",Douwe Egberts,N/A,N/A,4.2,686,In Stock,https://www.amazon.com/Douwe-Egberts-Indulgence-Instant-7-05-Ounce/dp/B0085000BG/ref=sr_1_52,2026-07-21 07:56:14
B01GHCH8NQ,"Starbucks VIA Instant Coffee, Pike Place Roast, 96 Count | 100% Arabica instant coffee packets; Pike Place Roast medium roast; 12 boxes, 8 packets each (96 total)",N/A,679.98,N/A,4.6,4875,Out of Stock,https://www.amazon.com/Starbucks-Instant-Coffee-Place-Roast/dp/B01GHCH8NQ/ref=sr_1_53,2026-07-21 07:56:45
B0D3ZXGKTY,"KimlyParc Craft Instant Espresso (6 Packets x 0.1 oz) | Double-Shot Espresso in One Packet | Medium Dark Roast, Sugar-Free | Dissolves in Hot or Cold Water in 3 Seconds | Travel-Friendly Premium Coffee",KimlyParc,280.06,N/A,4.8,43,In Stock,https://www.amazon.com/KimlyParc-Double-Shot-Sugar-Free-Dissolves-Travel-Friendly/dp/B0D3ZXGKTY/ref=sr_1_54,2026-07-21 07:56:33
B00EZD0ZX0,Jacobs Cronat Gold Instant Coffee 200 Gram / 7.05 Ounce (Pack of 6),Jacobs,390.99,N/A,4.6,125,In Stock,https://www.amazon.com/Jacobs-Cronat-Instant-Coffee-6-pack/dp/B00EZD0ZX0/ref=sr_1_55,2026-07-21 07:56:56
B07QTLP9CF,"Rapid Fire Hazelnut Instant Coffee with MCT Oil & Grass-Fed Butter – Energy, Focus & Metabolism Support – Low Sugar Functional Coffee Mix – Keto & Low-Carb Friendly – 15 Servings",Rapid Fire,306.10,N/A,4.1,2714,In Stock,https://www.amazon.com/Rapid-Fire-Hazelnut-Instant-Grass-Fed/dp/B07QTLP9CF/ref=sr_1_56,2026-07-21 07:57:12
B0029K15IA,Folgers Classic Decaf Instant Coffee 8 oz (Pack of 12),Folgers,214.12,N/A,4.7,3291,In Stock,https://www.amazon.com/Folgers-Classic-Decaf-Instant-Coffee/dp/B0029K15IA/ref=sr_1_57,2026-07-21 07:57:21
B0B3379HNT,"Starbucks Via Instant Coffee Packets, Pike Place Roast, Medium Roast Coffee, 100% Arabica Instant & Micro ground Coffee, 8 Packets Per Box (Pack of 2 Boxes)",N/A,611.96,N/A,4.6,4875,Out of Stock,https://www.amazon.com/Starbucks-Instant-Coffee-Packets-Arabica/dp/B0B3379HNT/ref=sr_1_58,2026-07-21 07:57:38
B01N7E2BK5,"Folgers Classic Roast Instant Coffee, 12 Oz. Jar",Folgers,444.40,N/A,4.7,30242,Out of Stock,https://www.amazon.com/Folgers-Classic-Instant-Coffee-Crystals/dp/B01N7E2BK5/ref=sr_1_59,2026-07-21 07:58:07
B01679Q1TG,"Cafe Altura Instant Organic Coffee, Medium Roast, 3.53 Oz Jar | Freeze-Dried",Cafe Altura,329.01,N/A,4.6,1473,In Stock,https://www.amazon.com/Cafe-Altura-Organic-Instant-Coffee/dp/B01679Q1TG/ref=sr_1_60,2026-07-21 07:58:55
B001NNB3X6,"Mount Hagen 25 Count Single Serve Instant Decaf Coffee Packets - 4 Pack | Decaffeinated Organic Medium Roast Arabica Beans | Eco-friendly, Fair-Trade [4 x 25 sticks/1.76oz/50g]",Mount Hagen,642.70,N/A,4.6,3408,In Stock,https://www.amazon.com/Mount-Hagen-Organic-Decaffeinated-25-Count/dp/B001NNB3X6/ref=sr_1_49,2026-07-21 08:03:00
B01MAWBNWZ,"Café Bustelo, Espresso Style, Dark Roast Instant Coffee, 7.05 oz Jar",Cafe Bustelo,141.10,N/A,4.8,2538,In Stock,https://www.amazon.com/Bustelo-Espresso-Style-Instant-Coffee/dp/B01MAWBNWZ/ref=sr_1_50,2026-07-21 08:00:32
B09D8W6STQ,"Waka Instant Coffee, Medium Roast - 100% Arabica Colombian Beans, Freeze Dried Granules, No Additives - Single Serve Packets for Quick Hot and Iced Coffees (50 Individual Coffee Packets)",Waka Coffee,708.63,N/A,4.1,51,In Stock,https://www.amazon.com/coffee-parent-Count-Medium-Roast/dp/B09D8W6STQ/ref=sr_1_51,2026-07-21 08:01:39
B0D34C9GDQ,"DeLallo Instant Espresso Powder, For Baking and Drinks,100% Dark Roast Coffee, Naturally Caffeinated, Kosher, Vegan, Non-GMO, Peanut Free, 1.94 oz Jar, (3 Pack)",DeLallo,246.92,N/A,4.8,37,In Stock,https://www.amazon.com/DeLallo-Instant-Espresso-Naturally-Caffeinated/dp/B0D34C9GDQ/ref=sr_1_52,2026-07-21 08:04:40
B0111X0YPU,Nescafe Azera Americano Instant Coffee (100g) - Pack of 2,Nescafe,N/A,N/A,4.6,3084,In Stock,https://www.amazon.com/Nescafe-Azera-Americano-Instant-Coffee/dp/B0111X0YPU/ref=sr_1_54,2026-07-21 08:07:30
B01H3KK5FY,"NESCAFÉ RICH Decaffeinated,dark roast Instant Coffee 100g",Nescafe,214.12,N/A,4.3,1866,In Stock,https://www.amazon.com/NESCAF%C3%89-RICH-Decaffeinated-Instant-Coffee/dp/B01H3KK5FY/ref=sr_1_58,2026-07-21 08:09:09
B01EN6KSCQ,"SToK Bold & Smooth Black Unsweetened Cold Brew Coffee, Ready to Drink Bottled Coffee, 48 fl oz​",STOK,288.13,N/A,4.8,5125,In Stock,https://www.amazon.com/medium-Liquid-Coffee-Unsweetened-Bottle/dp/B01EN6KSCQ/ref=sr_1_59,2026-07-21 08:10:05
B0118EI242,"Nescafe Gold Blend Instant Coffee, 200g",Nescafe,N/A,N/A,4.5,590,In Stock,https://www.amazon.com/Nescafe-Gold-Blend-Coffee-200g/dp/B0118EI242/ref=sr_1_60,2026-07-21 08:10:09
B07B7QV5S6,4 Pack Old Town White Coffee 2 in 1 Coffee and Creamer,OLDTOWN WHITE,288.13,N/A,4.5,196,In Stock,https://www.amazon.com/Old-Town-Coffee-Creamer-Sachets/dp/B07B7QV5S6/ref=sr_1_62,2026-07-21 08:11:34
B006I72WF0,"Mount Hagen 3.53oz Organic Freeze Dried Instant Decaf Coffee | Eco-friendly, Fair-Trade Decaffeinated Coffee, Made From Organic Medium Roast Arabica Beans [3.53oz Jar]",Mount Hagen,148.19,N/A,4.6,1536,Out of Stock,https://www.amazon.com/Mount-Hagen-Eco-friendly-Fair-Trade-Decaffeinated/dp/B006I72WF0/ref=sr_1_63,2026-07-21 08:13:40
B00H3TCGBW,Folgers Coffee Singles (19 per box),Folgers,146.87,N/A,4.6,2665,In Stock,https://www.amazon.com/Folgers-Coffee-Singles-19-box/dp/B00H3TCGBW/ref=sr_1_64,2026-07-21 08:13:50
B0170DZNOW,PERCOL Smooth Colombian Instant Coffee Easy Drinking Flavor 100% Arabica Beans Freeze-Dried - Light Strength 3.5 oz 1 Pk,PERCOL,N/A,N/A,3.8,22,In Stock,https://www.amazon.com/PERCOL-Colombian-Instant-Drinking-Freeze-Dried/dp/B0170DZNOW/ref=sr_1_65,2026-07-21 08:14:48
B0013BHG84,DAVIDOFF Rich Aroma Instant Coffee - Vivid and Spicy - Strong Body and Pleasant Acidity - 100% Arabica Beans - 10/12 Intensity - 1 x 3.52 oz,N/A,311.54,N/A,4.6,10342,In Stock,https://www.amazon.com/Davidoff-Aroma-Instant-Coffee-3-5oz/dp/B0013BHG84/ref=sr_1_66,2026-07-21 08:15:23
B0G1J3MSZC,Trung Nguyen G7 3-in-1 Instant Premium Vietnamese Coffee 100 Servings Sticks x16g Beverage Vietnam Origin (1 Pack),OMURA,634.45,N/A,5,27,In Stock,https://www.amazon.com/Instant-Premium-Vietnamese-Servings-Beverage/dp/B0G1J3MSZC/ref=sr_1_67,2026-07-21 08:15:48
B09Q3PK73N,"Maxwell House Dark Silk Instant Coffee, 8 oz",MAXWELL HOUSE,98.74,N/A,4.6,399,In Stock,https://www.amazon.com/Maxwell-House-Dark-Instant-Coffee/dp/B09Q3PK73N/ref=sr_1_68,2026-07-21 08:16:26
B00MXXAFSE,Douwe Egberts Pure Indulgence Instant Coffee (190g),Douwe Egberts,289.29,N/A,4.3,87,In Stock,https://www.amazon.com/Douwe-Egberts-Indulgence-Instant-Coffee/dp/B00MXXAFSE/ref=sr_1_70,2026-07-21 08:17:55
B013LDGD76,OLD Town (3 in 1)- Taste Premix White Hazelnut Coffee-don't Need Creamer & Sugar-make Your Life Easier-(35g - 40g) /Sticks (Hazelnut),OLDTOWN WHITE,N/A,N/A,4.4,409,In Stock,https://www.amazon.com/Town-Hazelnut-Coffee-dont-Creamer-Sugar-make/dp/B013LDGD76/ref=sr_1_73,2026-07-21 08:21:26
B006WAJKL2,"Nescafe classic medium roast, 3 in 1, (28 x 16.5g)",Nescafe,555.68,N/A,4.3,2481,In Stock,https://www.amazon.com/Nescafe-classic-CASE-28-18g/dp/B006WAJKL2/ref=sr_1_74,2026-07-21 08:22:08
B08QXPG7ZH,"NESCAFE Gold Espresso Instant Coffee, 200g/7.1 oz., {Imported from Canada}",Nescafe,N/A,N/A,4.7,991,In Stock,https://www.amazon.com/NESCAFE-Espresso-Instant-Coffee-Canada/dp/B08QXPG7ZH/ref=sr_1_75,2026-07-21 08:23:24
B07FBH2CC5,"King Coffee Espresso, Vietnamese Instant Coffee Arabica, Medium Dark Roast, 15 Packets x 2.5g, Pack of 1",TNI King Coffee,753.80,N/A,4.5,86,In Stock,https://www.amazon.com/King-Coffee-Espresso-Instant-Vietnamese/dp/B07FBH2CC5/ref=sr_1_76,2026-07-21 08:24:35
B00FLSPKK6,"Nescafe Taster's Choice Classic, Instant Coffee, 100g {Imported from Canada}",Nescafe,289.29,N/A,4.4,1528,In Stock,https://www.amazon.com/NESCAF%C3%89-Tasters-Choice-Classic-Instant/dp/B00FLSPKK6/ref=sr_1_77,2026-07-21 08:25:08
B0019MJQIU,Maxwell House Original Medium Roast Instant Coffee (2 oz Jar),MAXWELL HOUSE,140.11,N/A,3.9,210,In Stock,https://www.amazon.com/Maxwell-House-Instant-Original-Coffee/dp/B0019MJQIU/ref=sr_1_86,2026-07-21 08:34:03
B0058W0ZIC,Colcafé Classic Instant Coffee Jar | Unique Taste & Aroma | Ready in Seconds | 100% Colombian Coffee | 6 Ounce (Pack of 1),COLCAFE,407.92,N/A,4.5,593,In Stock,https://www.amazon.com/Colombian-Colcaf%C3%A9-Classic-Instant-coffee/dp/B0058W0ZIC/ref=sr_1_87,2026-07-21 08:34:35
B09HCSNLQZ,"Folgers Classic Roast Ground Coffee, Medium Roast, 25.9 Oz. Canister",Folgers,106.,N/A,4.7,28843,Out of Stock,https://www.amazon.com/Folgers-Classic-Ground-Coffee-Canister/dp/B09HCSNLQZ/ref=sr_1_88,2026-07-21 08:36:00
B0B178DY2C,"Nescafé Nescafe Sweet & Creamy Iced Coffee, Instant Coffee Sachets, 16x16g {Imported from Canada}",Nescafe,241.65,N/A,3.9,1412,In Stock,https://www.amazon.com/Nescafe-Creamy-Coffee-Instant-Sachets/dp/B0B178DY2C/ref=sr_1_89,2026-07-21 08:35:24
B0013BHEMW,Davidoff Café Fine Aroma Instant Coffee 3.5oz/100g,N/A,N/A,N/A,4.3,501,Out of Stock,https://www.amazon.com/Davidoff-Aroma-Instant-Coffee-3-5oz/dp/B0013BHEMW/ref=sr_1_90,2026-07-21 08:36:27
B00649B4EM,"Bru Instant Coffee Refill, 200g Pack",bru,329.51,N/A,4.4,9581,In Stock,https://www.amazon.com/Instant-Coffee-Refill-200g-Pack/dp/B00649B4EM/ref=sr_1_91,2026-07-21 08:36:50
B003CGJAIM,"ORGANO Gourmet Black Coffee, 100% Certified Organic Ganoderma Lucidum (30 Sachets)",ORGANO,560.44,N/A,4.7,2713,In Stock,https://www.amazon.com/Organo-Gold-Gourmet-Ganoderma-Sachets/dp/B003CGJAIM/ref=sr_1_92,2026-07-21 08:37:23
B00KFVWRCI,Bio Coffee- NEW! - First Organic Instant Non-dairy Alkaline Coffee (12 Sachet Box),Bio Coffee,296.54,N/A,4.7,3733,In Stock,https://www.amazon.com/Bio-Coffee-NEW-Non-dairy-Alkaline/dp/B00KFVWRCI/ref=sr_1_93,2026-07-21 08:37:53
B003SO4EK2,"Dandy Blend, Instant Herbal Beverage, 14 Ounce",Dandy Blend,230.61,N/A,4.7,15906,In Stock,https://www.amazon.com/Dandy-Blend-Beverage-Dandelion-14-1-ounce/dp/B003SO4EK2/ref=sr_1_94,2026-07-21 08:38:34
B004JPWY9W,Starbucks VIA Ready Brew Italian Roast Coffee 1.4oz 12 Single Serve Packets,N/A,115.22,N/A,4.6,5359,In Stock,https://www.amazon.com/Starbucks-Italian-Coffee-Single-Packets/dp/B004JPWY9W/ref=sr_1_95,2026-07-21 08:39:09
B00EPNPIUU,Juan Valdez Freeze Dried Coffee - Dulce de Leche Flavor |100% Colombian Arabica Beans | Sweet & Creamy 100% Colombian Coffee | Easy to Prepare | 95 gr / 3.35 oz,Juan Valdez,444.56,N/A,4.7,253,In Stock,https://www.amazon.com/Juan-Valdez-Cafe-Huila-Coffee/dp/B00EPNPIUU/ref=sr_1_96,2026-07-21 08:39:47
B0856Y5GJS,NESCAFE 3in1 Original instant coffee Pack of 24x18g / 0.63 oz,Nescafe,334.63,N/A,4.1,986,In Stock,https://www.amazon.com/Nescafe-Original-smooth-instant-coffee/dp/B0856Y5GJS/ref=sr_1_97,2026-07-21 08:40:13
B0DJTXDCGN,"Diamond Brew Espresso, 160mg Caffeine, Hot/Iced Instant, 12 Count, Arabica",DIAMOND BREW,485.94,N/A,4.6,59,In Stock,https://www.amazon.com/Luxury-Instant-Espresso-Caffeine-Double-Shot/dp/B0DJTXDCGN/ref=sr_1_98,2026-07-21 08:40:46
B09NYB7RBM,Trader Joe’s 10 Instant Coffee Packets Box 4.2oz 120g (Two Boxes),bobalife,329.51,N/A,4.7,74,In Stock,https://www.amazon.com/Trader-Instant-Coffee-Packets-4-2oz/dp/B09NYB7RBM/ref=sr_1_99,2026-07-21 08:41:08
B081S979GD,100% Colombian Coffee Instant Freeze Dried 1.76 oz Hazelnut-,Giraldo Farms,148.19,N/A,4.2,82,In Stock,https://www.amazon.com/Colombian-Coffee-Instant-Freeze-Hazelnut/dp/B081S979GD/ref=sr_1_102,2026-07-21 08:41:32
B003WAJP0G,"Beanies Flavour Instant Coffee - Irish Cream Instant Flavored Coffee - Bold & Adventurous Full-On Flavor - An Indulgent Sugar Free Taste Explosion - Low Calorie - Vegan & Gluten Free - Wheat & Dairy Free, 50g jar",Beanies The Flavour Co,148.19,N/A,4.3,1608,Out of Stock,https://www.amazon.com/Beanies-Instant-Coffee-Irish-Flavour/dp/B003WAJP0G/ref=sr_1_103,2026-07-21 08:42:02
B07BZRHJF1,"Nescafé Gold Original 200g/7oz, Original, 7 Ounce",Nescafe,555.68,N/A,4.5,364,In Stock,https://www.amazon.com/Nescaf%C3%A9-Gold-Original-200g-Ounce/dp/B07BZRHJF1/ref=sr_1_104,2026-07-21 08:42:32
B09WRV6QBW,"Folgers Black Silk Dark Roast Coffee, 9.6 Ounces (Pack of 6)",Folgers,607.75,N/A,4.8,9110,In Stock,https://www.amazon.com/Folgers-Black-Roast-Coffee-Ounces/dp/B09WRV6QBW/ref=sr_1_105,2026-07-21 08:43:05
B00MIJX4PY,"Caffe D'Vita Instant Hazelnut Cappuccino Mix - Instant Hazelnut Ground Coffee Beans, Gluten Free, No Cholesterol, No Hydrogenated Oils, No Trans Fat, 99% Caffeine Free - 1 Lb Can",Caffe D'Vita,214.12,N/A,4.2,418,In Stock,https://www.amazon.com/Caffe-Dvita-Cappuccino-Hazelnut-16/dp/B00MIJX4PY/ref=sr_1_106,2026-07-21 08:43:33
B00284TTG2,"SToK Espresso Coffee Shots, Black, Unsweetened, Dark Roast Coffee, Use for Lattes, Americanos, 0.44 fl oz (264 Count)",STOK,375.83,N/A,4.7,7656,In Stock,https://www.amazon.com/Espresso-Coffee-Unsweetened-Lattes-Americanos/dp/B00284TTG2/ref=sr_1_107,2026-07-21 08:44:05
B00JOPEWK6,2 Jars of Kenco Smooth Instant Coffee each jar 3.5oz/100g,Kenco,329.51,N/A,4.5,151,In Stock,https://www.amazon.com/Kenco-Smooth-Instant-Coffee-3-5oz/dp/B00JOPEWK6/ref=sr_1_108,2026-07-21 08:44:25
B00IDJFLCW,"Trader Joe's Instant Coffee Packets w. Creamer & Sugar (10 packets, 1 box) by Trader Joe's [Foods]",Trader Joe's,180.50,N/A,4.4,111,In Stock,https://www.amazon.com/Trader-Joes-Instant-Packets-Creamer/dp/B00IDJFLCW/ref=sr_1_109,2026-07-21 08:44:53
B00P98HX6W,Nestle Ricoré Instant Coffee and Chicory Mix 260g 9.17 Ounce,Nestle,329.51,N/A,4.6,273,In Stock,https://www.amazon.com/Nestle-Ricor%C3%A9-Instant-Coffee-Chicory/dp/B00P98HX6W/ref=sr_1_110,2026-07-21 08:45:15
B0048IJ1LY,Nescafe Cafe De Olla 6.7 OZ,Nescafe,N/A,N/A,4,8,In Stock,https://www.amazon.com/Nescafe-Cafe-Olla-190G-Pack/dp/B0048IJ1LY/ref=sr_1_111,2026-07-21 08:45:31
B0BQ4FTTY5,"SToK Cold Brew Coffee, Espresso Blend, Dark Roast Brewed Low and Slow, Unsweetened, Black Coffee, 48 FL OZ Bottle",STOK,356.91,N/A,4.8,1262,In Stock,https://www.amazon.com/Coffee-sweet-Black-Espresso-Bottle/dp/B0BQ4FTTY5/ref=sr_1_112,2026-07-21 08:45:40
B0BX4K4JDS,"Terrasoul Superfoods Organic Instant Mushroom Coffee, 30 Servings, 4.75oz - Fair-Trade | Freeze-Dried | Medium Roast | Arabica Beans",Terrasoul Superfoods,280.06,N/A,4.2,113,Out of Stock,https://www.amazon.com/Terrasoul-Superfoods-Organic-Mushroom-Servings/dp/B0BX4K4JDS/ref=sr_1_113,2026-07-21 08:45:46
B002BTI9B0,"Medaglia D'Oro Instant Espresso Coffee, 2 Ounces",MEDAGLIA D'ORO,331.81,N/A,4.6,2629,In Stock,https://www.amazon.com/Medaglia-DOro-Espresso-Instant-Coffee/dp/B002BTI9B0/ref=sr_1_114,2026-07-21 08:45:56
B0883VBNHC,Four Sigmatic Mushroom Coffee K-Cups | Organic Dark Roast Coffee with Lion’s Mane Mushroom Powder & Yacon | Focus & Immune Support | Vegan & Keto | Sustainable Pods | 24 Count,N/A,493.,N/A,4.4,6883,Out of Stock,https://www.amazon.com/Four-Sigmatic-Mushroom-Organic-Support/dp/B0883VBNHC/ref=sr_1_115,2026-07-21 08:46:07
B0CQDJLSHG,"Folgers French Vanilla Flavored Instant Latte, 16 Ounce",Folgers,334.63,N/A,4.5,230,In Stock,https://www.amazon.com/Folgers-French-Vanilla-Flavored-Instant/dp/B0CQDJLSHG/ref=sr_1_116,2026-07-21 08:46:14
B085WD557D,Trung Nguyen — G7 3 in 1 Instant Coffee — Roasted Ground Coffee Blend w/Non-dairy Creamer and Sugar — Strong and Bold — Instant Vietnamese Coffee | 100 Packets (3 Bags in a Pack),Trung Nguyen,N/A,N/A,4.7,1133,In Stock,https://www.amazon.com/Trung-Nguyen-Instant-Packets-Suitable/dp/B085WD557D/ref=sr_1_117,2026-07-21 08:46:25
B07GH53CZ9,"Java House Cold Brew Coffee Concentrate Single Serve Liquid Pods, Sumatran, 12 Count | Single Serve Liquid Pods, 12 Count",Java House,23.89,N/A,4.4,2230,Out of Stock,https://www.amazon.com/Sumatran-Capsules-Approved-Friendly-Concentrate/dp/B07GH53CZ9/ref=sr_1_118,2026-07-21 08:46:34
B0FLPQVN6X,"Mushroom Coffee, Instant Mushroom Coffee Powder with 6 Adaptogenic Mushrooms (Cordyceps, Lion’s Mane, Shiitake, Turkey Tail) and MCT Oil for Better Energy, Focus, Immune Support - 30 Servings",Bcuelov,15.99,N/A,4.4,697,In Stock,https://www.amazon.com/Mushroom-Adaptogenic-Mushrooms-Cordyceps-Shiitake/dp/B0FLPQVN6X/ref=sr_1_119,2026-07-21 08:46:42
B0GW3LQ1PT,"5 Farmers Premium Colombia Instant Coffee, Freeze Dried, 100% Colombian Arabica Beans, Medium-High Roast, 7.05 oz (200g) (PACK OF 1)",5 Farmers,11.71,N/A,5,5,In Stock,https://www.amazon.com/Farmers-Premium-Colombia-Colombian-Medium-High/dp/B0GW3LQ1PT/ref=sr_1_120,2026-07-21 08:46:47
B00722TA7I,"Starbucks VIA Instant Coffee, Veranda Blend, 8 CT",N/A,15.51,N/A,4.5,123,In Stock,https://www.amazon.com/Starbucks-VIA0174-Veranda-Blend-Coffee/dp/B00722TA7I/ref=sr_1_121,2026-07-21 08:46:56
B0CS4LCBYR,"QuikCafé Premium Instant Coffee, Natural Hazelnut Flavor - 1.76 oz (50g) Freeze Dried Arabica beans for Maximum flavor Delivery and Easy Solubility, All-Natural, Preservative-Free – Just Add Hot Water",Quik Café,8.99,N/A,3.6,50,In Stock,https://www.amazon.com/QuikCaf%C3%A9-Premium-Instant-Natural-Hazelnut/dp/B0CS4LCBYR/ref=sr_1_122,2026-07-21 08:47:03
B00I81PY6S,Folgers Classic Roast Instant Coffee Crystals - 16 Oz (Pack of 3),Folgers,26.96,N/A,4.7,30242,Out of Stock,https://www.amazon.com/Folgers-Classic-Instant-Coffee-Crystals/dp/B00I81PY6S/ref=sr_1_123,2026-07-21 08:47:13
B07YF5LJTW,"Dunkin’ French Vanilla Artificially Flavored Coffee, 88 Keurig K-Cup Pods | 4 boxes of 22 single serve coffee pods each, Smooth & rich flavor, Made with arabica coffee, Shelf stable, SNAP EBT eligible",Dunkin',58.69,N/A,4.8,8032,In Stock,https://www.amazon.com/Dunkin-French-Vanilla-Artificially-Flavored/dp/B07YF5LJTW/ref=sr_1_124,2026-07-21 08:47:22
B0FBZDRS6J,"NESCAFÉ Gold Decaf Espresso Instant Coffee,3.17 oz,(Pack of 2)",Nescafe,12.99,N/A,4.7,1699,In Stock,https://www.amazon.com/NESCAF%C3%89-Espresso-Intense-Instant-Coffee/dp/B0FBZDRS6J/ref=sr_1_125,2026-07-21 08:47:31
B0DDC5YTFX,Mount Hagen 3.53oz Organic Freeze Dried Instant Coffee and Instant Espresso Ground Coffee 1.76oz Bundle,Mount Hagen,26.97,N/A,5,5,In Stock,https://www.amazon.com/Mount-Hagen-Organic-Instant-Espresso/dp/B0DDC5YTFX/ref=sr_1_126,2026-07-21 08:47:36
B07G69F4SS,Vinacafe Chat 3 in 1 Instant Coffee 29gr x 10 sachets - made from Vietnam,Vinacafe,11.99,N/A,4.7,58,In Stock,https://www.amazon.com/Vinacafe-Chat-Instant-Coffee-sachets/dp/B07G69F4SS/ref=sr_1_127,2026-07-21 08:47:47
B08YS27T1N,King Coffee Espresso Instant Coffee Vietnamese Coffee Arabica Instant Coffee Mix Medium Roast 15 sticks per box x 2.5g - Pack of 4,TNI King Coffee,N/A,N/A,4.6,69,In Stock,https://www.amazon.com/King-Coffee-Espresso-Instant-Vietnamese/dp/B08YS27T1N/ref=sr_1_128,2026-07-21 08:47:48
B0DDJTF6G2,Mount Hagen 25 Count Single Serve Instant Coffee Packets and Mount Hagen Instant Espresso Ground Coffee 1.76oz Bundle,Mount Hagen,19.95,N/A,5,1,In Stock,https://www.amazon.com/Mount-Hagen-Instant-Packets-Espresso/dp/B0DDJTF6G2/ref=sr_1_129,2026-07-21 08:48:05
B0B5FH7J7F,Prince of Peace® 3 in 1 Instant Cappuccino (22 Sachets),Prince Of Peace,14.99,N/A,4.4,351,In Stock,https://www.amazon.com/Prince-Peace-Instant-Cappuccino-Sachets/dp/B0B5FH7J7F/ref=sr_1_130,2026-07-21 08:48:04
B08YS54QBJ,King Coffee Espresso Instant Coffee Vietnamese Coffee Arabica Instant Coffee Mix Medium Roast 15 sticks per box x 2.5g - Pack of 2,TNI King Coffee,11.99,N/A,4.5,37,In Stock,https://www.amazon.com/King-Coffee-Espresso-Instant-Vietnamese/dp/B08YS54QBJ/ref=sr_1_131,2026-07-21 08:48:19
B0DHPGMLXW,"Mushroom Coffee | Enhanced Focus, Boosted Immunity, Improved Energy | 6 Adaptogenic Mushrooms: Cordyceps, Reishi, King Trumpet, Shiitake, Lion's Mane & Turkey Tail | 30 Servings",TAOTERS,17.99,N/A,4.1,1698,In Stock,https://www.amazon.com/TAOTERS-Mushroom-Enhanced-Adaptogenic-Mushrooms/dp/B0DHPGMLXW/ref=sr_1_132,2026-07-21 08:48:25
B00M24OFLW,"Douwe Egberts Pure Indulgence Instant Coffee, Dark Roast, 6.7-Ounce, 190g (Pack of 2)",Douwe Egberts,11.71,N/A,4.1,64,In Stock,https://www.amazon.com/Douwe-Egberts-Indulgence-Instant-6-7-Ounce/dp/B00M24OFLW/ref=sr_1_133,2026-07-21 08:48:34
B002YC9M4W,DXN Lingzhi BLACK Coffee 3 in 1 Instant Coffee,TUNEZ,27.96,N/A,4.6,1276,In Stock,https://www.amazon.com/DXN-Lingzhi-BLACK-Coffee-Ganoderma/dp/B002YC9M4W/ref=sr_1_134,2026-07-21 08:48:40
B0DF3XG5Y2,"Folgers Black Silk Coffee, Dark Roast, Keurig K-Cup Pods, 60 Count | 6 (10 count) boxes, Dark roast coffee, Compatible with Keurig coffee makers",Folgers,35.57,N/A,4.8,12068,In Stock,https://www.amazon.com/Folgers-Black-Coffee-Roast-Keurig/dp/B0DF3XG5Y2/ref=sr_1_135,2026-07-21 08:48:52
B01LTI9638,Starbucks VIA Instant Coffee Medium Roast Packets — Sweetened Iced Coffee — 1 box (6 packets),N/A,35.99,N/A,4.6,1191,In Stock,https://www.amazon.com/Starbucks-Instant-Sweetened-6-0-95oz-packets/dp/B01LTI9638/ref=sr_1_136,2026-07-21 08:48:59
B0GHD41P2K,"Starbucks Premium Instant Coffee, Dark Roast Coffee, Arabica Beans, Three 3.17 oz Tins (Pack of 2)",N/A,N/A,N/A,4.7,4964,In Stock,https://www.amazon.com/Starbucks-Premium-Instant-Coffee-Arabica/dp/B0GHD41P2K/ref=sr_1_137,2026-07-21 08:49:10
B0BG64TYRG,Bella All Natural Skinny Iced Coffee - Good Taste 500 Grams 17.637 Ounce,Bella All Natural,31.00,N/A,4.4,1313,In Stock,https://www.amazon.com/Bella-All-Natural-Skinny-Coffee/dp/B0BG64TYRG/ref=sr_1_138,2026-07-21 08:49:18
B0FYKHKWSM,"Nescafe Café De Olla Instant Coffee, Cinnamon, 6.7 oz (Pack of 2)",Nescafe,34.99,N/A,4,1872,In Stock,https://www.amazon.com/Nescafe-Caf%C3%A9-Instant-Coffee-Cinnamon/dp/B0FYKHKWSM/ref=sr_1_139,2026-07-21 08:49:32
B0GHCDVP4C,"NESCAFE CLASICO Sticks US, 0.49 Ounce (Pack of 24)",Nescafe,7.98,N/A,4.6,2772,In Stock,https://www.amazon.com/NESCAFE-CLASICO-Sticks-0-49-Ounce/dp/B0GHCDVP4C/ref=sr_1_140,2026-07-21 08:49:44
B0DWJLBKQR,"NESCAFÉ Espresso Concentrate Black, Instant Espresso Coffee Concentrate, Cold Brew Style, Iced Coffee Style Drinks, 10 fl oz",Nescafe,7.99,N/A,4.4,1051,Out of Stock,https://www.amazon.com/NESCAF%C3%89-Espresso-Concentrate-Instant-Coffee/dp/B0DWJLBKQR/ref=sr_1_141,2026-07-21 08:49:52
B0GGLM1ZFN,"Anthony's Organic Instant Coffee,14oz, Ultra Fine Microground, Gluten Free, Arabica, Non GMO (Pack of 2)",Anthony's,22.45,N/A,4.4,6216,In Stock,https://www.amazon.com/Anthonys-Organic-Instant-Microground-Arabica/dp/B0GGLM1ZFN/ref=sr_1_142,2026-07-21 08:50:04
B00NCQPK7M,"Starbucks Medium Roast Iced Coffee, Black Unsweetened, 48 Fl Oz Bottle",N/A,25.95,N/A,4.8,6337,Out of Stock,https://www.amazon.com/Starbucks-Unsweetened-Iced-Coffee-48/dp/B00NCQPK7M/ref=sr_1_143,2026-07-21 08:50:12
B0DZBQWZH9,"Highground Organic Instant Regular Coffee, 3.53 Oz (Pack of 2)",Highground,19.99,N/A,N/A,N/A,In Stock,https://www.amazon.com/Highground-Organic-Instant-Regular-Coffee/dp/B0DZBQWZH9/ref=sr_1_144,2026-07-21 08:50:20
